NGCT13_SLICE49_LAD,0,0,0,0,0.0,0.0,0.0,0.0,0.0
NGCT13_SLICE50_LAD,0,0,0,0,0.0,0.0,0.0,0.0,0.0
NGCT13_SLICE51_LAD,0,0,0,0,0.0,0.0,0.0,0.0,0.0
NGCT13_SLICE52_LAD,275,289,297,291,274.5,277.0,298.5,294.0,38.875
NGCT13_SLICE53_LAD,294,292,298,279,279.5,279.0,308.5,292.5,167.9375
NGCT13_SLICE54_LAD,310,246,317,266,299.0,236.0,321.5,273.0,72.5625
NGCT13_SLICE55_LAD,311,246,319,248,308.0,239.5,321.5,255.5,28.4375
NGCT13_SLICE56_LAD,314,242,323,247,313.5,239.0,324.5,248.5,3.4375
NGCT13_SLICE57_LAD,316,223,312,225,311.0,223.5,322.5,232.0,46.125
NGCT14_SLICE50_LAD,0,0,0,0,0.0,0.0,0.0,0.0,0.0
NGCT14_SLICE51_LAD,0,0,0,0,0.0,0.0,0.0,0.0,0.0
NGCT14_SLICE52_LAD,0,0,0,0,0.0,0.0,0.0,0.0,0.0
NGCT14_SLICE53_LAD,0,0,0,0,0.0,0.0,0.0,0.0,0.0
NGCT14_SLICE54_LAD,295,248,302,243,288.5,239.0,313.0,252.0,81.3125
NGCT14_SLICE55_LAD,300,242,310,241,292.0,236.0,317.0,249.5,55.3125
NGCT15_SLICE35_LAD,0,0,0,0,0.0,0.0,0.0,0.0,0.0
NGCT15_SLICE36_LAD,0,0,0,0,0.0,0.0,0.0,0.0,0.0
NGCT15_SLICE37_LAD,331,246,340,250,324.5,238.5,342.0,253.5,28.6875
NGCT15_SLICE38_LAD,309,235,330,248,304.5,228.5,331.0,253.5,23.4375
NGCT15_SLICE39_LAD,312,233,332,248,305.0,232.5,332.5,251.5,15.4375
NGCT15_SLICE40_LAD,313,232,327,226,310.0,226.0,329.5,234.0,28.8125
NGCT15_SLICE41_LAD,332,206,330,206,329.0,202.0,336.0,209.0,17.5
NGCT15_SLICE42_LAD,337,192,344,192,331.5,189.5,344.5,199.0,21.4375
NGCT15_SLICE43_LAD,350,187,347,196,343.0,187.0,354.5,197.0,26.5625
NGCT1_SLICE110_LAD,0,0,0,0,0.0,0.0,0.0,0.0,0.0
NGCT1_SLICE111_LAD,0,0,0,0,0.0,0.0,0.0,0.0,0.0
NGCT1_SLICE112_LAD,0,0,0,0,0.0,0.0,0.0,0.0,0.0
NGCT1_SLICE113_LAD,0,0,0,0,0.0,0.0,0.0,0.0,0.0
NGCT1_SLICE114_LAD,0,0,0,0,0.0,0.0,0.0,0.0,0.0
NGCT1_SLICE115_LAD,0,0,0,0,0.0,0.0,0.0,0.0,0.0
NGCT1_SLICE116_LAD,0,0,0,0,0.0,0.0,0.0,0.0,0.0
NGCT1_SLICE117_LAD,0,0,0,0,0.0,0.0,0.0,0.0,0.0
NGCT1_SLICE118_LAD,0,0,0,0,0.0,0.0,0.0,0.0,0.0
NGCT1_SLICE119_LAD,0,0,0,0,0.0,0.0,0.0,0.0,0.0
NGCT1_SLICE120_LAD,0,0,0,0,0.0,0.0,0.0,0.0,0.0
NGCT1_SLICE121_LAD,0,0,0,0,0.0,0.0,0.0,0.0,0.0
NGCT1_SLICE122_LAD,0,0,0,0,0.0,0.0,0.0,0.0,0.0
NGCT1_SLICE123_LAD,0,0,0,0,0.0,0.0,0.0,0.0,0.0
NGCT1_SLICE124_LAD,0,0,0,0,0.0,0.0,0.0,0.0,0.0
NGCT1_SLICE125_LAD,0,0,0,0,0.0,0.0,0.0,0.0,0.0
NGCT1_SLICE126_LAD,0,0,0,0,0.0,0.0,0.0,0.0,0.0
NGCT1_SLICE127_LAD,0,0,0,0,0.0,0.0,0.0,0.0,0.0
NGCT1_SLICE128_LAD,0,0,0,0,0.0,0.0,0.0,0.0,0.0
NGCT1_SLICE129_LAD,0,0,0,0,0.0,0.0,0.0,0.0,0.0
NGCT1_SLICE130_LAD,0,0,0,0,0.0,0.0,0.0,0.0,0.0
NGCT1_SLICE131_LAD,0,0,0,0,0.0,0.0,0.0,0.0,0.0
NGCT1_SLICE132_LAD,0,0,0,0,0.0,0.0,0.0,0.0,0.0
NGCT1_SLICE133_LAD,0,0,0,0,0.0,0.0,0.0,0.0,0.0
NGCT1_SLICE134_LAD,0,0,0,0,0.0,0.0,0.0,0.0,0.0
NGCT1_SLICE135_LAD,0,0,0,0,0.0,0.0,0.0,0.0,0.0
NGCT3_SLICE45_LAD,0,0,0,0,0.0,0.0,0.0,0.0,0.0
NGCT3_SLICE46_LAD,306,205,315,219,302.0,205.0,320.0,220.5,10.8125
NGCT3_SLICE47_LAD,301,192,327,210,301.0,187.5,328.0,214.5,10.375
NGCT3_SLICE48_LAD,323,181,339,198,319.5,178.0,340.0,199.5,6.125
NGCT3_SLICE49_LAD,319,195,334,208,314.0,193.0,337.0,213.0,15.75
NGCT4_SLICE113_LAD,0,0,0,0,0.0,0.0,0.0,0.0,0.0
NGCT4_SLICE114_LAD,0,0,0,0,0.0,0.0,0.0,0.0,0.0
NGCT4_SLICE115_LAD,0,0,0,0,0.0,0.0,0.0,0.0,0.0
NGCT4_SLICE116_LAD,0,0,0,0,0.0,0.0,0.0,0.0,0.0
NGCT4_SLICE117_LAD,0,0,0,0,0.0,0.0,0.0,0.0,0.0
NGCT4_SLICE118_LAD,0,0,0,0,0.0,0.0,0.0,0.0,0.0
NGCT4_SLICE119_LAD,0,0,0,0,0.0,0.0,0.0,0.0,0.0
NGCT4_SLICE120_LAD,0,0,0,0,0.0,0.0,0.0,0.0,0.0
NGCT4_SLICE121_LAD,0,0,0,0,0.0,0.0,0.0,0.0,0.0
NGCT5_SLICE48_LAD,0,0,0,0,0.0,0.0,0.0,0.0,0.0
NGCT5_SLICE49_LAD,0,0,0,0,0.0,0.0,0.0,0.0,0.0
NGCT5_SLICE50_LAD,0,0,0,0,0.0,0.0,0.0,0.0,0.0
NGCT5_SLICE51_LAD,306,274,325,279,306.5,274.0,327.0,281.5,2.625
NGCT5_SLICE52_LAD,325,270,330,273,324.0,269.0,335.5,278.0,14.3125
NGCT5_SLICE53_LAD,327,258,331,265,326.0,255.5,335.5,268.0,9.125
NGCT5_SLICE54_LAD,329,249,342,269,325.5,249.0,346.0,269.5,7.125
NGCT7_SLICE133_LAD,0,0,0,0,0.0,0.0,0.0,0.0,0.0
NGCT7_SLICE134_LAD,0,0,0,0,0.0,0.0,0.0,0.0,0.0
NGCT7_SLICE135_LAD,0,0,0,0,0.0,0.0,0.0,0.0,0.0
NGCT7_SLICE136_LAD,0,0,0,0,0.0,0.0,0.0,0.0,0.0
NGCT7_SLICE137_LAD,0,0,0,0,0.0,0.0,0.0,0.0,0.0
NGCT7_SLICE138_LAD,0,0,0,0,0.0,0.0,0.0,0.0,0.0
NGCT7_SLICE139_LAD,0,0,0,0,0.0,0.0,0.0,0.0,0.0
NGCT7_SLICE140_LAD,0,0,0,0,0.0,0.0,0.0,0.0,0.0
NGCT7_SLICE141_LAD,0,0,0,0,0.0,0.0,0.0,0.0,0.0
NGCT7_SLICE142_LAD,0,0,0,0,0.0,0.0,0.0,0.0,0.0
NGCT7_SLICE143_LAD,0,0,0,0,0.0,0.0,0.0,0.0,0.0
NGCT7_SLICE144_LAD,0,0,0,0,0.0,0.0,0.0,0.0,0.0
NGCT7_SLICE145_LAD,0,0,0,0,0.0,0.0,0.0,0.0,0.0
NGCT7_SLICE146_LAD,0,0,0,0,0.0,0.0,0.0,0.0,0.0
NGCT7_SLICE147_LAD,0,0,0,0,0.0,0.0,0.0,0.0,0.0
NGCT9_SLICE128_LAD,0,0,0,0,0.0,0.0,0.0,0.0,0.0
NGCT9_SLICE129_LAD,0,0,0,0,0.0,0.0,0.0,0.0,0.0
NGCT9_SLICE130_LAD,0,0,0,0,0.0,0.0,0.0,0.0,0.0
NGCT10_SLICE133_LAD,0,0,0,0,0.0,0.0,0.0,0.0,0.0
NGCT10_SLICE134_LAD,0,0,0,0,0.0,0.0,0.0,0.0,0.0
NGCT10_SLICE135_LAD,0,0,0,0,0.0,0.0,0.0,0.0,0.0
NGCT10_SLICE136_LAD,0,0,0,0,0.0,0.0,0.0,0.0,0.0
NGCT10_SLICE137_LAD,0,0,0,0,0.0,0.0,0.0,0.0,0.0
NGCT10_SLICE138_LAD,0,0,0,0,0.0,0.0,0.0,0.0,0.0
NGCT10_SLICE139_LAD,0,0,0,0,0.0,0.0,0.0,0.0,0.0
NGCT10_SLICE140_LAD,0,0,0,0,0.0,0.0,0.0,0.0,0.0
NGCT10_SLICE141_LAD,0,0,0,0,0.0,0.0,0.0,0.0,0.0
NGCT10_SLICE142_LAD,0,0,0,0,0.0,0.0,0.0,0.0,0.0
NGCT10_SLICE143_LAD,0,0,0,0,0.0,0.0,0.0,0.0,0.0
NGCT10_SLICE144_LAD,0,0,0,0,0.0,0.0,0.0,0.0,0.0
NGCT10_SLICE145_LAD,0,0,0,0,0.0,0.0,0.0,0.0,0.0
NGCT10_SLICE146_LAD,0,0,0,0,0.0,0.0,0.0,0.0,0.0
NGCT10_SLICE147_LAD,0,0,0,0,0.0,0.0,0.0,0.0,0.0
NGCT10_SLICE148_LAD,0,0,0,0,0.0,0.0,0.0,0.0,0.0
NGCT10_SLICE149_LAD,0,0,0,0,0.0,0.0,0.0,0.0,0.0
NGCT10_SLICE150_LAD,0,0,0,0,0.0,0.0,0.0,0.0,0.0
NGCT11_SLICE40_LAD,0,0,0,0,0.0,0.0,0.0,0.0,0.0
NGCT11_SLICE41_LAD,0,0,0,0,0.0,0.0,0.0,0.0,0.0
NGCT11_SLICE42_LAD,335,224,354,232,332.0,222.0,356.0,233.5,4.8125
NGCT11_SLICE43_LAD,339,224,349,228,339.0,223.0,351.0,232.0,5.25
NGCT11_SLICE44_LAD,0,0,0,0,0.0,0.0,0.0,0.0,0.0
NGCT11_SLICE45_LAD,0,0,0,0,0.0,0.0,0.0,0.0,0.0
NGCT11_SLICE46_LAD,0,0,0,0,0.0,0.0,0.0,0.0,0.0
NGCT11_SLICE47_LAD,0,0,0,0,0.0,0.0,0.0,0.0,0.0
NGCT11_SLICE48_LAD,0,0,0,0,0.0,0.0,0.0,0.0,0.0
NGCT11_SLICE49_LAD,0,0,0,0,0.0,0.0,0.0,0.0,0.0
NGCT12_SLICE53_LAD,0,0,0,0,0.0,0.0,0.0,0.0,0.0
NGCT12_SLICE54_LAD,0,0,0,0,0.0,0.0,0.0,0.0,0.0
NGCT12_SLICE55_LAD,0,0,0,0,0.0,0.0,0.0,0.0,0.0
NGCT12_SLICE56_LAD,0,0,0,0,0.0,0.0,0.0,0.0,0.0
NGCT12_SLICE57_LAD,302,234,336,246,300.5,234.5,337.5,249.5,4.25
NGCT12_SLICE58_LAD,321,229,344,240,320.5,228.5,345.5,242.0,1.6875
NGCT12_SLICE59_LAD,320,226,338,238,319.5,224.0,339.0,240.0,2.3125
NGCT17_SLICE28_LAD,306,229,328,247,305.0,227.0,330.5,249.0,3.8125
NGCT17_SLICE29_LAD,288,239,315,246,285.5,236.5,317.5,250.0,8.6875
NGCT17_SLICE30_LAD,0,0,0,0,0.0,0.0,0.0,0.0,0.0
NGCT17_SLICE31_LAD,0,0,0,0,0.0,0.0,0.0,0.0,0.0
NGCT17_SLICE32_LAD,0,0,0,0,0.0,0.0,0.0,0.0,0.0
NGCT17_SLICE33_LAD,0,0,0,0,0.0,0.0,0.0,0.0,0.0
NGCT17_SLICE34_LAD,0,0,0,0,0.0,0.0,0.0,0.0,0.0
NGCT17_SLICE35_LAD,0,0,0,0,0.0,0.0,0.0,0.0,0.0
NGCT17_SLICE36_LAD,0,0,0,0,0.0,0.0,0.0,0.0,0.0
NGCT17_SLICE37_LAD,0,0,0,0,0.0,0.0,0.0,0.0,0.0
NGCT17_SLICE38_LAD,0,0,0,0,0.0,0.0,0.0,0.0,0.0
NGCT17_SLICE39_LAD,0,0,0,0,0.0,0.0,0.0,0.0,0.0
NGCT18_SLICE49_LAD,0,0,0,0,0.0,0.0,0.0,0.0,0.0
NGCT18_SLICE50_LAD,0,0,0,0,0.0,0.0,0.0,0.0,0.0
NGCT18_SLICE51_LAD,0,0,0,0,0.0,0.0,0.0,0.0,0.0
NGCT18_SLICE52_LAD,312,235,322,248,310.0,233.5,324.5,251.0,5.375
NGCT18_SLICE53_LAD,0,0,0,0,0.0,0.0,0.0,0.0,0.0
NGCT18_SLICE54_LAD,319,217,345,234,318.0,217.5,346.5,235.0,1.125
NGCT18_SLICE55_LAD,331,211,349,223,330.5,209.5,350.5,227.0,5.1875
NGCT18_SLICE56_LAD,340,205,350,216,338.0,202.5,353.5,217.5,6.1875
NGCT18_SLICE57_LAD,344,201,349,211,344.0,201.5,352.5,212.5,3.6875
NGCT18_SLICE58_LAD,0,0,0,0,0.0,0.0,0.0,0.0,0.0
NGCT19_SLICE66_LAD,0,0,0,0,0.0,0.0,0.0,0.0,0.0
NGCT19_SLICE67_LAD,0,0,0,0,0.0,0.0,0.0,0.0,0.0
NGCT19_SLICE68_LAD,286,207,314,229,286.0,206.0,315.5,232.0,3.0625
NGCT19_SLICE69_LAD,288,210,310,226,288.0,210.0,310.5,229.5,3.125
NGCT19_SLICE70_LAD,296,203,321,222,293.5,201.0,323.0,224.5,5.125
NGCT19_SLICE71_LAD,309,198,324,213,306.0,195.0,325.5,216.5,8.125
NGCT19_SLICE72_LAD,310,182,328,212,308.5,182.0,329.5,214.0,2.125
NGCT19_SLICE73_LAD,312,184,330,205,311.0,182.5,330.5,207.5,2.4375
NGCT19_SLICE74_LAD,316,187,329,201,315.5,187.5,331.5,201.5,1.75
NGCT19_SLICE75_LAD,320,173,327,182,320.5,172.0,329.0,184.5,2.875
NGCT19_SLICE76_LAD,322,173,331,179,320.0,172.0,331.5,181.0,2.3125
NGCT19_SLICE77_LAD,322,172,332,176,321.5,172.0,333.5,179.5,3.6875
NGCT19_SLICE78_LAD,326,173,335,176,323.5,171.0,339.0,179.0,8.8125
NGCT19_SLICE79_LAD,330,164,338,176,328.0,163.5,340.0,177.5,2.625
NGCT22_SLICE64_LAD,323,230,346,238,322.5,229.5,347.5,239.0,0.9375
NGCT22_SLICE65_LAD,341,228,353,232,340.0,228.0,354.0,235.5,3.5625
NGCT22_SLICE66_LAD,343,226,355,231,342.0,223.5,356.0,234.5,5.125
NGCT22_SLICE67_LAD,350,216,358,230,348.5,214.0,359.0,232.0,2.8125
NGCT22_SLICE68_LAD,352,216,360,219,352.0,214.0,362.5,222.0,4.8125
NGCT22_SLICE69_LAD,361,203,365,208,361.5,201.0,367.0,211.5,5.125
NGCT22_SLICE70_LAD,362,196,366,202,361.5,194.0,368.0,203.5,2.625
NGCT23_SLICE104_LAD,0,0,0,0,0.0,0.0,0.0,0.0,0.0
NGCT23_SLICE105_LAD,0,0,0,0,0.0,0.0,0.0,0.0,0.0
NGCT23_SLICE106_LAD,0,0,0,0,0.0,0.0,0.0,0.0,0.0
NGCT23_SLICE107_LAD,0,0,0,0,0.0,0.0,0.0,0.0,0.0
NGCT23_SLICE108_LAD,0,0,0,0,0.0,0.0,0.0,0.0,0.0
NGCT23_SLICE109_LAD,0,0,0,0,0.0,0.0,0.0,0.0,0.0
NGCT23_SLICE110_LAD,0,0,0,0,0.0,0.0,0.0,0.0,0.0
NGCT27_SLICE110_LAD,0,0,0,0,0.0,0.0,0.0,0.0,0.0
NGCT27_SLICE111_LAD,0,0,0,0,0.0,0.0,0.0,0.0,0.0
NGCT27_SLICE112_LAD,0,0,0,0,0.0,0.0,0.0,0.0,0.0
NGCT27_SLICE113_LAD,0,0,0,0,0.0,0.0,0.0,0.0,0.0
NGCT27_SLICE114_LAD,0,0,0,0,0.0,0.0,0.0,0.0,0.0
NGCT27_SLICE115_LAD,0,0,0,0,0.0,0.0,0.0,0.0,0.0
NGCT27_SLICE116_LAD,0,0,0,0,0.0,0.0,0.0,0.0,0.0
NGCT27_SLICE117_LAD,0,0,0,0,0.0,0.0,0.0,0.0,0.0
NGCT27_SLICE118_LAD,0,0,0,0,0.0,0.0,0.0,0.0,0.0
NGCT27_SLICE119_LAD,0,0,0,0,0.0,0.0,0.0,0.0,0.0
NGCT27_SLICE120_LAD,0,0,0,0,0.0,0.0,0.0,0.0,0.0
NGCT27_SLICE121_LAD,0,0,0,0,0.0,0.0,0.0,0.0,0.0
NGCT27_SLICE122_LAD,0,0,0,0,0.0,0.0,0.0,0.0,0.0
NGCT27_SLICE123_LAD,0,0,0,0,0.0,0.0,0.0,0.0,0.0
NGCT27_SLICE124_LAD,0,0,0,0,0.0,0.0,0.0,0.0,0.0
NGCT27_SLICE125_LAD,0,0,0,0,0.0,0.0,0.0,0.0,0.0
NGCT27_SLICE126_LAD,0,0,0,0,0.0,0.0,0.0,0.0,0.0
NGCT28_SLICE50_LAD,0,0,0,0,0.0,0.0,0.0,0.0,0.0
NGCT28_SLICE51_LAD,0,0,0,0,0.0,0.0,0.0,0.0,0.0
NGCT28_SLICE52_LAD,0,0,0,0,0.0,0.0,0.0,0.0,0.0
NGCT28_SLICE53_LAD,289,233,293,233,288.5,231.0,295.0,235.5,3.625
NGCT28_SLICE54_LAD,288,230,295,234,288.0,229.5,296.5,237.0,2.875
NGCT28_SLICE55_LAD,0,0,0,0,0.0,0.0,0.0,0.0,0.0
NGCT28_SLICE56_LAD,307,231,317,241,307.0,231.0,318.5,241.5,0.625
NGCT28_SLICE57_LAD,309,223,325,232,307.5,222.0,327.0,235.0,4.0625
NGCT28_SLICE58_LAD,316,218,329,232,314.5,218.5,331.5,233.0,2.4375
NGCT28_SLICE59_LAD,321,210,337,227,319.5,210.0,338.5,229.0,2.125
NGCT28_SLICE60_LAD,329,207,341,215,329.0,205.0,342.5,217.5,3.125
NGCT29_SLICE50_LAD,0,0,0,0,0.0,0.0,0.0,0.0,0.0
NGCT29_SLICE51_LAD,0,0,0,0,0.0,0.0,0.0,0.0,0.0
NGCT29_SLICE52_LAD,0,0,0,0,0.0,0.0,0.0,0.0,0.0
NGCT29_SLICE53_LAD,0,0,0,0,0.0,0.0,0.0,0.0,0.0
NGCT29_SLICE54_LAD,0,0,0,0,0.0,0.0,0.0,0.0,0.0
NGCT29_SLICE55_LAD,0,0,0,0,0.0,0.0,0.0,0.0,0.0
NGCT29_SLICE56_LAD,0,0,0,0,0.0,0.0,0.0,0.0,0.0
NGCT29_SLICE57_LAD,312,225,323,233,312.0,225.5,324.0,235.5,1.875
NGCT29_SLICE58_LAD,314,221,328,230,314.5,220.5,329.0,233.0,2.625
NGCT29_SLICE59_LAD,321,221,334,228,320.0,220.5,336.0,229.5,1.875
NGCT29_SLICE60_LAD,331,208,340,217,330.5,207.0,343.0,219.0,3.5625
NGCT29_SLICE61_LAD,335,202,343,212,334.0,202.0,346.0,215.0,4.75
NGCT29_SLICE62_LAD,338,199,346,209,337.0,198.0,347.0,210.0,1.0
NGCT29_SLICE63_LAD,339,196,345,206,339.0,195.5,346.0,207.5,0.875
NGCT32_SLICE40_LAD,0,0,0,0,0.0,0.0,0.0,0.0,0.0
NGCT32_SLICE41_LAD,0,0,0,0,0.0,0.0,0.0,0.0,0.0
NGCT32_SLICE42_LAD,0,0,0,0,0.0,0.0,0.0,0.0,0.0
NGCT32_SLICE43_LAD,0,0,0,0,0.0,0.0,0.0,0.0,0.0
NGCT32_SLICE44_LAD,0,0,0,0,0.0,0.0,0.0,0.0,0.0
NGCT32_SLICE45_LAD,0,0,0,0,0.0,0.0,0.0,0.0,0.0
NGCT32_SLICE46_LAD,0,0,0,0,0.0,0.0,0.0,0.0,0.0
NGCT32_SLICE47_LAD,0,0,0,0,0.0,0.0,0.0,0.0,0.0
NGCT32_SLICE48_LAD,0,0,0,0,0.0,0.0,0.0,0.0,0.0
NGCT32_SLICE49_LAD,0,0,0,0,0.0,0.0,0.0,0.0,0.0
NGCT32_SLICE50_LAD,0,0,0,0,0.0,0.0,0.0,0.0,0.0
NGCT32_SLICE51_LAD,0,0,0,0,0.0,0.0,0.0,0.0,0.0
NGCT32_SLICE52_LAD,0,0,0,0,0.0,0.0,0.0,0.0,0.0
NGCT32_SLICE53_LAD,0,0,0,0,0.0,0.0,0.0,0.0,0.0
NGCT32_SLICE54_LAD,0,0,0,0,0.0,0.0,0.0,0.0,0.0
NGCT32_SLICE55_LAD,0,0,0,0,0.0,0.0,0.0,0.0,0.0
NGCT32_SLICE56_LAD,0,0,0,0,0.0,0.0,0.0,0.0,0.0
NGCT32_SLICE57_LAD,0,0,0,0,0.0,0.0,0.0,0.0,0.0
NGCT32_SLICE58_LAD,0,0,0,0,0.0,0.0,0.0,0.0,0.0
NGCT32_SLICE59_LAD,318,191,344,219,317.0,189.5,345.0,221.0,2.0625
NGCT32_SLICE60_LAD,320,188,344,216,318.0,187.0,346.0,218.0,3.25
NGCT32_SLICE61_LAD,320,185,347,217,320.0,185.0,348.0,218.5,0.8125
NGCT34_SLICE62_LAD,0,0,0,0,0.0,0.0,0.0,0.0,0.0
NGCT34_SLICE63_LAD,0,0,0,0,0.0,0.0,0.0,0.0,0.0
NGCT34_SLICE64_LAD,0,0,0,0,0.0,0.0,0.0,0.0,0.0
NGCT34_SLICE65_LAD,0,0,0,0,0.0,0.0,0.0,0.0,0.0
NGCT34_SLICE66_LAD,0,0,0,0,0.0,0.0,0.0,0.0,0.0
NGCT34_SLICE67_LAD,0,0,0,0,0.0,0.0,0.0,0.0,0.0
NGCT34_SLICE68_LAD,0,0,0,0,0.0,0.0,0.0,0.0,0.0
NGCT34_SLICE69_LAD,0,0,0,0,0.0,0.0,0.0,0.0,0.0
NGCT34_SLICE70_LAD,0,0,0,0,0.0,0.0,0.0,0.0,0.0
NGCT34_SLICE71_LAD,0,0,0,0,0.0,0.0,0.0,0.0,0.0
NGCT34_SLICE72_LAD,0,0,0,0,0.0,0.0,0.0,0.0,0.0
NGCT34_SLICE73_LAD,0,0,0,0,0.0,0.0,0.0,0.0,0.0
NGCT34_SLICE74_LAD,285,206,290,210,283.5,204.5,292.0,212.5,3.6875
NGCT34_SLICE75_LAD,279,202,294,213,277.0,202.0,295.0,215.0,2.25
NGCT34_SLICE76_LAD,279,201,296,212,279.0,199.5,298.0,215.0,3.8125
NGCT34_SLICE77_LAD,285,196,299,208,284.5,195.0,301.0,211.0,3.5625
NGCT34_SLICE78_LAD,287,193,304,209,287.5,193.0,305.0,209.5,0.375
NGCT34_SLICE79_LAD,296,187,306,199,295.0,185.0,308.5,202.0,5.0625
NGCT34_SLICE80_LAD,300,184,308,197,298.0,182.0,308.5,199.5,3.625
NGCT34_SLICE81_LAD,301,177,313,190,300.0,175.0,314.0,192.0,2.5
NGCT34_SLICE82_LAD,305,173,312,180,305.0,172.5,314.0,182.0,2.0625
NGCT34_SLICE83_LAD,302,168,317,178,302.0,168.0,318.0,179.0,0.5
NGCT34_SLICE84_LAD,306,162,315,172,306.0,160.5,315.5,173.5,1.1875
NGCT34_SLICE85_LAD,0,0,0,0,0.0,0.0,0.0,0.0,0.0
NGCT34_SLICE86_LAD,308,153,314,159,307.5,152.0,315.0,159.5,0.625
NGCT34_SLICE87_LAD,306,150,313,156,305.5,149.0,314.0,157.5,1.125
NGCT34_SLICE88_LAD,306,150,313,154,306.0,149.5,316.0,155.0,2.5625
NGCT34_SLICE89_LAD,303,145,314,151,303.0,144.5,315.0,153.0,1.3125
NGCT34_SLICE90_LAD,304,146,313,151,304.0,146.0,314.5,153.0,1.5625
NGCT34_SLICE91_LAD,0,0,0,0,0.0,0.0,0.0,0.0,0.0
NGCT34_SLICE92_LAD,0,0,0,0,0.0,0.0,0.0,0.0,0.0
NGCT34_SLICE93_LAD,0,0,0,0,0.0,0.0,0.0,0.0,0.0
NGCT34_SLICE94_LAD,0,0,0,0,0.0,0.0,0.0,0.0,0.0
NGCT34_SLICE95_LAD,0,0,0,0,0.0,0.0,0.0,0.0,0.0
NGCT35_SLICE57_LAD,0,0,0,0,0.0,0.0,0.0,0.0,0.0
NGCT35_SLICE58_LAD,0,0,0,0,0.0,0.0,0.0,0.0,0.0
NGCT35_SLICE59_LAD,0,0,0,0,0.0,0.0,0.0,0.0,0.0
NGCT35_SLICE60_LAD,0,0,0,0,0.0,0.0,0.0,0.0,0.0
NGCT35_SLICE61_LAD,0,0,0,0,0.0,0.0,0.0,0.0,0.0
NGCT35_SLICE62_LAD,277,191,303,208,277.5,190.0,305.5,210.0,2.875
NGCT35_SLICE63_LAD,286,193,298,202,285.0,192.0,300.0,203.5,2.0625
NGCT35_SLICE64_LAD,303,191,314,197,302.0,189.5,315.0,198.0,1.3125
NGCT35_SLICE65_LAD,318,177,323,182,316.5,175.5,325.5,184.0,3.6875
NGCT35_SLICE66_LAD,0,0,0,0,0.0,0.0,0.0,0.0,0.0
NGCT35_SLICE67_LAD,0,0,0,0,0.0,0.0,0.0,0.0,0.0
NGCT35_SLICE68_LAD,0,0,0,0,0.0,0.0,0.0,0.0,0.0
NGCT35_SLICE69_LAD,0,0,0,0,0.0,0.0,0.0,0.0,0.0
NGCT35_SLICE70_LAD,0,0,0,0,0.0,0.0,0.0,0.0,0.0
NGCT35_SLICE71_LAD,0,0,0,0,0.0,0.0,0.0,0.0,0.0
NGCT44_SLICE76_LAD,0,0,0,0,0.0,0.0,0.0,0.0,0.0
NGCT44_SLICE77_LAD,0,0,0,0,0.0,0.0,0.0,0.0,0.0
NGCT44_SLICE78_LAD,0,0,0,0,0.0,0.0,0.0,0.0,0.0
NGCT44_SLICE79_LAD,0,0,0,0,0.0,0.0,0.0,0.0,0.0
NGCT44_SLICE80_LAD,0,0,0,0,0.0,0.0,0.0,0.0,0.0
NGCT44_SLICE81_LAD,0,0,0,0,0.0,0.0,0.0,0.0,0.0
NGCT44_SLICE82_LAD,0,0,0,0,0.0,0.0,0.0,0.0,0.0
NGCT44_SLICE83_LAD,0,0,0,0,0.0,0.0,0.0,0.0,0.0
NGCT44_SLICE84_LAD,0,0,0,0,0.0,0.0,0.0,0.0,0.0
NGCT44_SLICE85_LAD,0,0,0,0,0.0,0.0,0.0,0.0,0.0
NGCT44_SLICE86_LAD,0,0,0,0,0.0,0.0,0.0,0.0,0.0
NGCT44_SLICE87_LAD,0,0,0,0,0.0,0.0,0.0,0.0,0.0
NGCT44_SLICE88_LAD,0,0,0,0,0.0,0.0,0.0,0.0,0.0
NGCT44_SLICE89_LAD,0,0,0,0,0.0,0.0,0.0,0.0,0.0
NGCT45_SLICE54_LAD,0,0,0,0,0.0,0.0,0.0,0.0,0.0
NGCT45_SLICE55_LAD,0,0,0,0,0.0,0.0,0.0,0.0,0.0
NGCT45_SLICE56_LAD,0,0,0,0,0.0,0.0,0.0,0.0,0.0
NGCT45_SLICE57_LAD,0,0,0,0,0.0,0.0,0.0,0.0,0.0
NGCT45_SLICE58_LAD,0,0,0,0,0.0,0.0,0.0,0.0,0.0
NGCT45_SLICE59_LAD,0,0,0,0,0.0,0.0,0.0,0.0,0.0
NGCT45_SLICE60_LAD,0,0,0,0,0.0,0.0,0.0,0.0,0.0
NGCT45_SLICE61_LAD,0,0,0,0,0.0,0.0,0.0,0.0,0.0
NGCT45_SLICE62_LAD,0,0,0,0,0.0,0.0,0.0,0.0,0.0
NGCT45_SLICE63_LAD,0,0,0,0,0.0,0.0,0.0,0.0,0.0
NGCT45_SLICE64_LAD,0,0,0,0,0.0,0.0,0.0,0.0,0.0
NGCT45_SLICE65_LAD,0,0,0,0,0.0,0.0,0.0,0.0,0.0
NGCT45_SLICE66_LAD,0,0,0,0,0.0,0.0,0.0,0.0,0.0
NGCT45_SLICE67_LAD,0,0,0,0,0.0,0.0,0.0,0.0,0.0
NGCT45_SLICE68_LAD,0,0,0,0,0.0,0.0,0.0,0.0,0.0
NGCT45_SLICE69_LAD,0,0,0,0,0.0,0.0,0.0,0.0,0.0
NGCT45_SLICE70_LAD,0,0,0,0,0.0,0.0,0.0,0.0,0.0
NGCT45_SLICE71_LAD,0,0,0,0,0.0,0.0,0.0,0.0,0.0
NGCT45_SLICE72_LAD,0,0,0,0,0.0,0.0,0.0,0.0,0.0
NGCT45_SLICE73_LAD,0,0,0,0,0.0,0.0,0.0,0.0,0.0
NGCT45_SLICE74_LAD,0,0,0,0,0.0,0.0,0.0,0.0,0.0
NGCT45_SLICE75_LAD,0,0,0,0,0.0,0.0,0.0,0.0,0.0
NGCT45_SLICE76_LAD,0,0,0,0,0.0,0.0,0.0,0.0,0.0
NGCT45_SLICE77_LAD,0,0,0,0,0.0,0.0,0.0,0.0,0.0
NGCT45_SLICE78_LAD,0,0,0,0,0.0,0.0,0.0,0.0,0.0
NGCT45_SLICE79_LAD,0,0,0,0,0.0,0.0,0.0,0.0,0.0
NGCT45_SLICE80_LAD,0,0,0,0,0.0,0.0,0.0,0.0,0.0
NGCT45_SLICE81_LAD,0,0,0,0,0.0,0.0,0.0,0.0,0.0
NGCT45_SLICE82_LAD,0,0,0,0,0.0,0.0,0.0,0.0,0.0
NGCT45_SLICE83_LAD,0,0,0,0,0.0,0.0,0.0,0.0,0.0
NGCT45_SLICE84_LAD,0,0,0,0,0.0,0.0,0.0,0.0,0.0
NGCT45_SLICE85_LAD,0,0,0,0,0.0,0.0,0.0,0.0,0.0
NGCT45_SLICE86_LAD,0,0,0,0,0.0,0.0,0.0,0.0,0.0
NGCT45_SLICE87_LAD,0,0,0,0,0.0,0.0,0.0,0.0,0.0
NGCT46_SLICE52_LAD,0,0,0,0,0.0,0.0,0.0,0.0,0.0
NGCT46_SLICE53_LAD,0,0,0,0,0.0,0.0,0.0,0.0,0.0
NGCT46_SLICE54_LAD,0,0,0,0,0.0,0.0,0.0,0.0,0.0
NGCT46_SLICE55_LAD,0,0,0,0,0.0,0.0,0.0,0.0,0.0
NGCT46_SLICE56_LAD,0,0,0,0,0.0,0.0,0.0,0.0,0.0
NGCT46_SLICE57_LAD,0,0,0,0,0.0,0.0,0.0,0.0,0.0
NGCT46_SLICE58_LAD,0,0,0,0,0.0,0.0,0.0,0.0,0.0
NGCT46_SLICE59_LAD,0,0,0,0,0.0,0.0,0.0,0.0,0.0
NGCT46_SLICE60_LAD,0,0,0,0,0.0,0.0,0.0,0.0,0.0
NGCT46_SLICE61_LAD,0,0,0,0,0.0,0.0,0.0,0.0,0.0
NGCT46_SLICE62_LAD,0,0,0,0,0.0,0.0,0.0,0.0,0.0
NGCT46_SLICE63_LAD,301,248,313,257,301.0,248.0,314.0,258.5,0.8125
NGCT46_SLICE64_LAD,0,0,0,0,0.0,0.0,0.0,0.0,0.0
NGCT46_SLICE65_LAD,0,0,0,0,0.0,0.0,0.0,0.0,0.0
NGCT46_SLICE66_LAD,308,245,316,251,306.5,244.0,318.0,252.5,2.375
NGCT46_SLICE67_LAD,310,224,329,238,308.5,224.5,331.0,240.5,3.1875
NGCT46_SLICE68_LAD,312,221,334,238,312.0,221.0,336.0,239.0,1.25
NGCT46_SLICE69_LAD,320,215,337,233,320.0,215.0,339.0,235.0,2.0
NGCT46_SLICE70_LAD,321,216,339,234,321.0,216.0,341.5,235.0,1.8125
NGCT46_SLICE71_LAD,337,204,342,208,336.0,203.0,343.5,210.5,2.625
NGCT46_SLICE72_LAD,335,193,340,201,334.0,193.0,342.5,203.0,2.8125
NGCT47_SLICE57_LAD,0,0,0,0,0.0,0.0,0.0,0.0,0.0
NGCT47_SLICE58_LAD,306,211,313,220,304.0,211.0,314.0,221.5,1.8125
NGCT47_SLICE59_LAD,311,203,321,215,309.5,201.5,322.0,216.0,1.625
NGCT47_SLICE60_LAD,316,197,322,203,316.0,195.5,323.0,205.0,1.8125
NGCT47_SLICE61_LAD,0,0,0,0,0.0,0.0,0.0,0.0,0.0
NGCT47_SLICE62_LAD,0,0,0,0,0.0,0.0,0.0,0.0,0.0
NGCT47_SLICE63_LAD,0,0,0,0,0.0,0.0,0.0,0.0,0.0
NGCT47_SLICE64_LAD,0,0,0,0,0.0,0.0,0.0,0.0,0.0
NGCT47_SLICE65_LAD,0,0,0,0,0.0,0.0,0.0,0.0,0.0
NGCT47_SLICE66_LAD,0,0,0,0,0.0,0.0,0.0,0.0,0.0
NGCT47_SLICE67_LAD,0,0,0,0,0.0,0.0,0.0,0.0,0.0
NGCT47_SLICE68_LAD,0,0,0,0,0.0,0.0,0.0,0.0,0.0
NGCT47_SLICE69_LAD,0,0,0,0,0.0,0.0,0.0,0.0,0.0
NGCT47_SLICE70_LAD,0,0,0,0,0.0,0.0,0.0,0.0,0.0
NGCT47_SLICE71_LAD,0,0,0,0,0.0,0.0,0.0,0.0,0.0
NGCT47_SLICE72_LAD,0,0,0,0,0.0,0.0,0.0,0.0,0.0
NGCT47_SLICE73_LAD,0,0,0,0,0.0,0.0,0.0,0.0,0.0
NGCT47_SLICE74_LAD,0,0,0,0,0.0,0.0,0.0,0.0,0.0
NGCT47_SLICE75_LAD,0,0,0,0,0.0,0.0,0.0,0.0,0.0
NGCT48_SLICE61_LAD,0,0,0,0,0.0,0.0,0.0,0.0,0.0
NGCT48_SLICE62_LAD,0,0,0,0,0.0,0.0,0.0,0.0,0.0
NGCT48_SLICE63_LAD,0,0,0,0,0.0,0.0,0.0,0.0,0.0
NGCT48_SLICE64_LAD,0,0,0,0,0.0,0.0,0.0,0.0,0.0
NGCT48_SLICE65_LAD,0,0,0,0,0.0,0.0,0.0,0.0,0.0
NGCT48_SLICE66_LAD,0,0,0,0,0.0,0.0,0.0,0.0,0.0
NGCT48_SLICE67_LAD,0,0,0,0,0.0,0.0,0.0,0.0,0.0
NGCT48_SLICE68_LAD,0,0,0,0,0.0,0.0,0.0,0.0,0.0
NGCT48_SLICE69_LAD,0,0,0,0,0.0,0.0,0.0,0.0,0.0
NGCT48_SLICE70_LAD,0,0,0,0,0.0,0.0,0.0,0.0,0.0
NGCT48_SLICE71_LAD,0,0,0,0,0.0,0.0,0.0,0.0,0.0
NGCT49_SLICE37_LAD,0,0,0,0,0.0,0.0,0.0,0.0,0.0
NGCT49_SLICE38_LAD,0,0,0,0,0.0,0.0,0.0,0.0,0.0
NGCT49_SLICE39_LAD,0,0,0,0,0.0,0.0,0.0,0.0,0.0
NGCT49_SLICE40_LAD,0,0,0,0,0.0,0.0,0.0,0.0,0.0
NGCT49_SLICE41_LAD,0,0,0,0,0.0,0.0,0.0,0.0,0.0
NGCT49_SLICE42_LAD,0,0,0,0,0.0,0.0,0.0,0.0,0.0
NGCT49_SLICE43_LAD,0,0,0,0,0.0,0.0,0.0,0.0,0.0
NGCT49_SLICE44_LAD,0,0,0,0,0.0,0.0,0.0,0.0,0.0
NGCT49_SLICE45_LAD,0,0,0,0,0.0,0.0,0.0,0.0,0.0
NGCT49_SLICE46_LAD,0,0,0,0,0.0,0.0,0.0,0.0,0.0
NGCT49_SLICE47_LAD,0,0,0,0,0.0,0.0,0.0,0.0,0.0
NGCT49_SLICE48_LAD,303,195,318,207,303.5,194.5,319.0,209.0,1.375
NGCT49_SLICE49_LAD,302,205,309,217,301.0,203.5,311.0,218.0,2.0625
NGCT49_SLICE50_LAD,0,0,0,0,0.0,0.0,0.0,0.0,0.0
NGCT49_SLICE51_LAD,0,0,0,0,0.0,0.0,0.0,0.0,0.0
NGCT49_SLICE52_LAD,0,0,0,0,0.0,0.0,0.0,0.0,0.0
NGCT51_SLICE81_LAD,0,0,0,0,0.0,0.0,0.0,0.0,0.0
NGCT51_SLICE82_LAD,0,0,0,0,0.0,0.0,0.0,0.0,0.0
NGCT51_SLICE83_LAD,0,0,0,0,0.0,0.0,0.0,0.0,0.0
NGCT51_SLICE84_LAD,0,0,0,0,0.0,0.0,0.0,0.0,0.0
NGCT51_SLICE85_LAD,0,0,0,0,0.0,0.0,0.0,0.0,0.0
NGCT51_SLICE86_LAD,0,0,0,0,0.0,0.0,0.0,0.0,0.0
NGCT51_SLICE87_LAD,0,0,0,0,0.0,0.0,0.0,0.0,0.0
NGCT51_SLICE88_LAD,0,0,0,0,0.0,0.0,0.0,0.0,0.0
NGCT51_SLICE89_LAD,0,0,0,0,0.0,0.0,0.0,0.0,0.0
NGCT51_SLICE90_LAD,0,0,0,0,0.0,0.0,0.0,0.0,0.0
NGCT51_SLICE91_LAD,0,0,0,0,0.0,0.0,0.0,0.0,0.0
NGCT51_SLICE92_LAD,0,0,0,0,0.0,0.0,0.0,0.0,0.0
NGCT52_SLICE64_LAD,0,0,0,0,0.0,0.0,0.0,0.0,0.0
NGCT52_SLICE65_LAD,0,0,0,0,0.0,0.0,0.0,0.0,0.0
NGCT52_SLICE66_LAD,0,0,0,0,0.0,0.0,0.0,0.0,0.0
NGCT52_SLICE67_LAD,0,0,0,0,0.0,0.0,0.0,0.0,0.0
NGCT52_SLICE68_LAD,0,0,0,0,0.0,0.0,0.0,0.0,0.0
NGCT52_SLICE69_LAD,0,0,0,0,0.0,0.0,0.0,0.0,0.0
NGCT52_SLICE70_LAD,0,0,0,0,0.0,0.0,0.0,0.0,0.0
NGCT52_SLICE71_LAD,0,0,0,0,0.0,0.0,0.0,0.0,0.0
NGCT52_SLICE72_LAD,0,0,0,0,0.0,0.0,0.0,0.0,0.0
NGCT52_SLICE73_LAD,0,0,0,0,0.0,0.0,0.0,0.0,0.0
NGCT52_SLICE74_LAD,0,0,0,0,0.0,0.0,0.0,0.0,0.0
NGCT52_SLICE75_LAD,323,218,335,231,321.5,218.5,337.0,232.0,1.875
NGCT52_SLICE76_LAD,318,223,332,235,317.0,222.0,333.0,236.5,1.3125
NGCT52_SLICE77_LAD,322,216,338,228,322.0,216.0,340.0,229.5,1.5625
NGCT52_SLICE78_LAD,0,0,0,0,0.0,0.0,0.0,0.0,0.0
NGCT52_SLICE79_LAD,329,212,344,225,328.5,212.0,345.5,226.0,0.875
NGCT52_SLICE80_LAD,334,208,346,220,334.0,208.0,347.0,221.5,0.8125
NGCT52_SLICE81_LAD,338,208,345,216,337.0,207.5,347.0,217.0,1.5625
NGCT52_SLICE82_LAD,340,203,347,211,340.0,203.0,349.0,211.5,1.0625
NGCT52_SLICE83_LAD,338,202,349,211,338.0,201.0,350.5,212.0,1.0625
NGCT52_SLICE84_LAD,0,0,0,0,0.0,0.0,0.0,0.0,0.0
NGCT52_SLICE85_LAD,0,0,0,0,0.0,0.0,0.0,0.0,0.0
NGCT52_SLICE86_LAD,0,0,0,0,0.0,0.0,0.0,0.0,0.0
NGCT52_SLICE87_LAD,0,0,0,0,0.0,0.0,0.0,0.0,0.0
NGCT52_SLICE88_LAD,0,0,0,0,0.0,0.0,0.0,0.0,0.0
NGCT52_SLICE89_LAD,0,0,0,0,0.0,0.0,0.0,0.0,0.0
NGCT52_SLICE90_LAD,0,0,0,0,0.0,0.0,0.0,0.0,0.0
NGCT52_SLICE91_LAD,0,0,0,0,0.0,0.0,0.0,0.0,0.0
NGCT53_SLICE56_LAD,350,200,365,218,349.5,199.0,366.5,219.0,1.125
NGCT53_SLICE57_LAD,0,0,0,0,0.0,0.0,0.0,0.0,0.0
NGCT53_SLICE58_LAD,0,0,0,0,0.0,0.0,0.0,0.0,0.0
NGCT53_SLICE59_LAD,0,0,0,0,0.0,0.0,0.0,0.0,0.0
NGCT53_SLICE60_LAD,0,0,0,0,0.0,0.0,0.0,0.0,0.0
NGCT53_SLICE61_LAD,0,0,0,0,0.0,0.0,0.0,0.0,0.0
NGCT54_SLICE123_LAD,0,0,0,0,0.0,0.0,0.0,0.0,0.0
NGCT54_SLICE124_LAD,0,0,0,0,0.0,0.0,0.0,0.0,0.0
NGCT54_SLICE125_LAD,0,0,0,0,0.0,0.0,0.0,0.0,0.0
NGCT54_SLICE126_LAD,0,0,0,0,0.0,0.0,0.0,0.0,0.0
NGCT54_SLICE127_LAD,0,0,0,0,0.0,0.0,0.0,0.0,0.0
NGCT54_SLICE128_LAD,0,0,0,0,0.0,0.0,0.0,0.0,0.0
NGCT54_SLICE129_LAD,0,0,0,0,0.0,0.0,0.0,0.0,0.0
NGCT54_SLICE130_LAD,0,0,0,0,0.0,0.0,0.0,0.0,0.0
NGCT54_SLICE131_LAD,0,0,0,0,0.0,0.0,0.0,0.0,0.0
NGCT54_SLICE132_LAD,0,0,0,0,0.0,0.0,0.0,0.0,0.0
NGCT54_SLICE133_LAD,0,0,0,0,0.0,0.0,0.0,0.0,0.0
NGCT54_SLICE134_LAD,0,0,0,0,0.0,0.0,0.0,0.0,0.0
NGCT54_SLICE135_LAD,0,0,0,0,0.0,0.0,0.0,0.0,0.0
NGCT54_SLICE136_LAD,0,0,0,0,0.0,0.0,0.0,0.0,0.0
NGCT54_SLICE137_LAD,0,0,0,0,0.0,0.0,0.0,0.0,0.0
NGCT54_SLICE138_LAD,0,0,0,0,0.0,0.0,0.0,0.0,0.0
NGCT49_SLICE37_LAD,0,0,0,0,0.0,0.0,0.0,0.0,0.0
NGCT49_SLICE38_LAD,0,0,0,0,0.0,0.0,0.0,0.0,0.0
